case,mrn,sex,dob_dd,dob_mm,dob_yyyy,tgl_dd,tgl_mm,tgl_yyyy,age_months,td_sys,td_dia,hr,rr,t,tb_cm,bb_kg,species,blood_test,treatment,formulation,dhp_tabs_day,dhp_days,pq_tabs_day,pq_days,artesunate_mg,g6pd,exp_bbu,exp_pbu_tbu,exp_bbpb_bbtb,exp_nutrition_action,exp_dose_status,exp_dose_checks,scenario
C01,00-1126-48,L,01,08,2026,01,10,2026,2,84,54,138,38,38.6,58.5,5.4,falciparum,positive,uncomplicated,standard,1/2,3,0,,,unknown,Berat badan normal,Normal,Gizi baik,SCORE,match,,"Infant under 6 months, correct: DHP only, no primaquine"
C02,00-1205-67,P,01,07,2026,01,10,2026,3,88,54,132,34,39.4,58.5,4.9,falciparum,positive,uncomplicated,standard,1/3,3,1/4,1,,unknown,Berat badan normal,Normal,Gizi baik,SCORE,differs,pq-infant,ERROR: primaquine given to an infant under 6 months
C03,00-1284-86,L,02,03,2026,02,10,2026,7,80,54,144,42,38.2,69.5,8.3,falciparum,positive,uncomplicated,standard,1/2,3,1/4,1,,unknown,Berat badan normal,Normal,Gizi baik,SCORE,match,,"Correct: P. falciparum, DHP and primaquine 1 day"
C04,00-1364-05,P,02,01,2026,02,10,2026,9,90,58,128,36,40.1,69,8.6,vivax,positive,uncomplicated,standard,1/2,3,1/4,14,,unknown,Berat badan normal,Normal,Gizi baik,SCORE,match,,"Correct: P. vivax, primaquine 14 days"
C05,00-1443-24,L,02,11,2025,02,10,2026,11,84,54,138,38,38.9,74.5,9,vivax,positive,uncomplicated,standard,1/2,3,1/4,1,,unknown,Berat badan normal,Normal,Gizi baik,SCORE,differs,pq-days,ERROR: P. vivax with primaquine for 1 day instead of 14
C06,00-1522-43,P,03,08,2025,03,10,2026,14,90,58,116,28,39,77,9.3,falciparum,positive,uncomplicated,standard,1,3,1/4,1,,unknown,Berat badan normal,Normal,Gizi baik,SCORE,differs,dhp-differs,ERROR: DHP amount doubled
C07,00-1601-62,L,03,04,2025,03,10,2026,18,96,62,132,32,37.8,81.5,10.4,falciparum,positive,uncomplicated,dispersible,3/2,3,1/4,1,,unknown,Berat badan normal,Normal,Gizi baik,SCORE,match,,Correct: dispersible DHP
C08,00-1680-81,P,03,02,2025,03,10,2026,20,88,54,120,26,38.6,84,11.3,mixed,positive,uncomplicated,standard,1,3,1/4,14,,unknown,Berat badan normal,Normal,Gizi baik,SCORE,match,,"Correct: mixed infection, primaquine 14 days"
C09,00-1760-00,L,04,10,2024,04,10,2026,24,92,58,124,30,39.4,85.5,11.1,malariae,positive,uncomplicated,standard,1,3,1/4,1,,unknown,Berat badan normal,Normal,Gizi baik,SCORE,differs,pq-species,ERROR: primaquine for P. malariae (none expected). Age 24 months: standing tables start here
C10,00-1839-19,P,04,07,2024,04,10,2026,27,90,58,116,28,38.2,88.5,12.3,falciparum,negative,uncomplicated,standard,1,3,1/4,1,,unknown,Berat badan normal,Normal,Gizi baik,SCORE,differs,test-negative,ERROR: blood test recorded NEGATIVE but an ACT was prescribed
C11,00-1918-38,L,04,04,2024,04,10,2026,30,96,62,132,32,40.1,80,8.9,falciparum,positive,uncomplicated,standard,1/2,5,1/4,1,,unknown,Berat badan sangat kurang,Sangat pendek,Gizi kurang,SCORE,differs,dhp-days,ERROR: DHP for 5 days. Severely stunted and underweight child
C12,00-1997-57,P,05,01,2024,05,10,2026,33,88,54,120,26,38.9,94.5,19.2,falciparum,positive,uncomplicated,standard,3/2,3,1/2,1,,unknown,Risiko berat badan lebih,Normal,Obesitas,SCORE,match,,"Correct dose, obese child: the app adds the ideal-weight note"
C13,00-2076-76,L,05,10,2023,05,10,2026,36,98,62,108,24,39,91.5,10.2,vivax,positive,uncomplicated,standard,1,3,1/4,14,,unknown,Berat badan kurang,Normal,Gizi buruk,SCORE,match,,"Correct dose, severely wasted child (Gizi buruk)"
C14,00-2155-95,P,05,06,2023,05,10,2026,40,96,62,100,22,37.8,97.5,13.8,falciparum,positive,uncomplicated,dispersible,3,3,1/4,1,,unknown,Berat badan normal,Normal,Gizi baik,SCORE,differs,dhp-differs,ERROR: dispersible DHP one tablet too many
C15,00-2235-14,L,01,01,2023,01,10,2026,45,100,62,112,26,38.6,101.5,15.8,falciparum,positive,severe,standard,,,,,47.4,unknown,Berat badan normal,Normal,Gizi baik,FLAG_CONFIRM,match,,"Severe malaria, artesunate dose correct (3 mg/kg under 20 kg)"
C16,00-2314-33,P,01,08,2022,01,10,2026,50,94,58,96,20,39.4,106.5,18.1,falciparum,positive,severe,standard,,,,,43.4,unknown,Berat badan normal,Normal,Gizi baik,FLAG_CONFIRM,differs,artesunate-differs,ERROR: artesunate calculated at 2.4 mg/kg instead of 3 mg/kg
C17,00-2393-52,L,02,02,2022,02,10,2026,56,98,62,108,24,38.2,111,20,falciparum,positive,severe,standard,,,,,60,unknown,Berat badan normal,Normal,Gizi baik,FLAG_CONFIRM,cannot_check,artesunate-boundary,"EDGE: exactly 20.0 kg. The guideline does not say which rate applies: the app must answer ""not sure"""
C18,00-2472-71,P,02,11,2021,02,10,2026,59,96,62,100,22,40.1,107.5,17,falciparum,positive,uncomplicated,standard,1,3,1/4,1,,unknown,Berat badan normal,Normal,Gizi baik,FLAG_CONFIRM,match,,EDGE: exactly 17.0 kg (top of the >10-17 kg column). Correct dose. Last month of the 0-59 range
C19,00-2551-90,L,03,05,2026,03,10,2026,5,80,54,144,42,38.9,65.5,6,falciparum,positive,uncomplicated,standard,1/2,3,0,,,unknown,Berat badan normal,Normal,Gizi kurang,SCORE,match,,"EDGE: exactly 6.0 kg and age 5 months: no primaquine, DHP 1/2"
C20,00-2631-09,P,03,10,2025,03,10,2026,12,88,54,120,26,39,74.5,9,falciparum,positive,uncomplicated,standard,1/2,3,1/4,1,,deficient,Berat badan normal,Normal,Gizi baik,SCORE,differs,pq-g6pd,ERROR: standard primaquine given although G6PD deficiency is recorded
C21,00-2710-28,L,04,09,2026,04,10,2026,1,84,54,138,38,37.8,54.5,4.4,falciparum,positive,uncomplicated,dispersible,1,3,0,,,unknown,Berat badan normal,Normal,Gizi baik,SCORE,cannot_check,cannot-look-up,"EDGE: dispersible tablet below 5 kg: the table does not cover it, so the app must answer ""cannot check"""
