group,item,weight_column,age_column,amount_in_app,page_in_md,section,exact_quote_or_row,CHECKED_AGAINST_PDF (yes/no),PDF_page_if_different,comment
Tabel 1-3 DHP tablet,"DHP, tablet per hari, hari 1-3",≤5 kg,0-1 bln,⅓,11,Tabel 1/2/3,| 1-3 | DHP | 1/3 | ½ | ½ | 1 | 1½ | 2 | 3 | 4 | 5 |,,,
Tabel 1-3 primakuin,"Primakuin, tablet per hari",≤5 kg,0-1 bln,- (tidak diberikan),11,Tabel 1 (P. falciparum); Tabel 2 (vivax/ovale); Tabel 3 (campuran),| 1 | Primakuin | - | - | ¼ | ¼ | ½ | ¾ | 1 | 1 | 1 |  ||  | 1-14 | Primakuin | - | - | ¼ | ¼ | ½ | ¾ | 1 | 1 | 1 |  ||  | 1-14 | Primakuin | - | - | ¼ | ¼ | ½ | ¾ | 1 | 1 | 1 |,,,"Tabel 1, 2 dan 3 membawa jumlah yang sama per kolom berat. Cocokkan ketiganya."
Tabel 1-3 DHP tablet,"DHP, tablet per hari, hari 1-3",>5-6 kg,2-<6 bln,½,11,Tabel 1/2/3,| 1-3 | DHP | 1/3 | ½ | ½ | 1 | 1½ | 2 | 3 | 4 | 5 |,,,
Tabel 1-3 primakuin,"Primakuin, tablet per hari",>5-6 kg,2-<6 bln,- (tidak diberikan),11,Tabel 1 (P. falciparum); Tabel 2 (vivax/ovale); Tabel 3 (campuran),| 1 | Primakuin | - | - | ¼ | ¼ | ½ | ¾ | 1 | 1 | 1 |  ||  | 1-14 | Primakuin | - | - | ¼ | ¼ | ½ | ¾ | 1 | 1 | 1 |  ||  | 1-14 | Primakuin | - | - | ¼ | ¼ | ½ | ¾ | 1 | 1 | 1 |,,,"Tabel 1, 2 dan 3 membawa jumlah yang sama per kolom berat. Cocokkan ketiganya."
Tabel 1-3 DHP tablet,"DHP, tablet per hari, hari 1-3",>6-10 kg,6-12 bln,½,11,Tabel 1/2/3,| 1-3 | DHP | 1/3 | ½ | ½ | 1 | 1½ | 2 | 3 | 4 | 5 |,,,
Tabel 1-3 primakuin,"Primakuin, tablet per hari",>6-10 kg,6-12 bln,¼,11,Tabel 1 (P. falciparum); Tabel 2 (vivax/ovale); Tabel 3 (campuran),| 1 | Primakuin | - | - | ¼ | ¼ | ½ | ¾ | 1 | 1 | 1 |  ||  | 1-14 | Primakuin | - | - | ¼ | ¼ | ½ | ¾ | 1 | 1 | 1 |  ||  | 1-14 | Primakuin | - | - | ¼ | ¼ | ½ | ¾ | 1 | 1 | 1 |,,,"Tabel 1, 2 dan 3 membawa jumlah yang sama per kolom berat. Cocokkan ketiganya."
Tabel 1-3 DHP tablet,"DHP, tablet per hari, hari 1-3",>10-17 kg,<5 thn,1,11,Tabel 1/2/3,| 1-3 | DHP | 1/3 | ½ | ½ | 1 | 1½ | 2 | 3 | 4 | 5 |,,,
Tabel 1-3 primakuin,"Primakuin, tablet per hari",>10-17 kg,<5 thn,¼,11,Tabel 1 (P. falciparum); Tabel 2 (vivax/ovale); Tabel 3 (campuran),| 1 | Primakuin | - | - | ¼ | ¼ | ½ | ¾ | 1 | 1 | 1 |  ||  | 1-14 | Primakuin | - | - | ¼ | ¼ | ½ | ¾ | 1 | 1 | 1 |  ||  | 1-14 | Primakuin | - | - | ¼ | ¼ | ½ | ¾ | 1 | 1 | 1 |,,,"Tabel 1, 2 dan 3 membawa jumlah yang sama per kolom berat. Cocokkan ketiganya."
Tabel 1-3 DHP tablet,"DHP, tablet per hari, hari 1-3",>17-30 kg,5-9 thn,1½,11,Tabel 1/2/3,| 1-3 | DHP | 1/3 | ½ | ½ | 1 | 1½ | 2 | 3 | 4 | 5 |,,,
Tabel 1-3 primakuin,"Primakuin, tablet per hari",>17-30 kg,5-9 thn,½,11,Tabel 1 (P. falciparum); Tabel 2 (vivax/ovale); Tabel 3 (campuran),| 1 | Primakuin | - | - | ¼ | ¼ | ½ | ¾ | 1 | 1 | 1 |  ||  | 1-14 | Primakuin | - | - | ¼ | ¼ | ½ | ¾ | 1 | 1 | 1 |  ||  | 1-14 | Primakuin | - | - | ¼ | ¼ | ½ | ¾ | 1 | 1 | 1 |,,,"Tabel 1, 2 dan 3 membawa jumlah yang sama per kolom berat. Cocokkan ketiganya."
Tabel 1-3 DHP tablet,"DHP, tablet per hari, hari 1-3",>30-40 kg,10-14 thn,2,11,Tabel 1/2/3,| 1-3 | DHP | 1/3 | ½ | ½ | 1 | 1½ | 2 | 3 | 4 | 5 |,,,
Tabel 1-3 primakuin,"Primakuin, tablet per hari",>30-40 kg,10-14 thn,¾,11,Tabel 1 (P. falciparum); Tabel 2 (vivax/ovale); Tabel 3 (campuran),| 1 | Primakuin | - | - | ¼ | ¼ | ½ | ¾ | 1 | 1 | 1 |  ||  | 1-14 | Primakuin | - | - | ¼ | ¼ | ½ | ¾ | 1 | 1 | 1 |  ||  | 1-14 | Primakuin | - | - | ¼ | ¼ | ½ | ¾ | 1 | 1 | 1 |,,,"Tabel 1, 2 dan 3 membawa jumlah yang sama per kolom berat. Cocokkan ketiganya."
Tabel 1-3 DHP tablet,"DHP, tablet per hari, hari 1-3",>40-60 kg,≥15 thn,3,11,Tabel 1/2/3,| 1-3 | DHP | 1/3 | ½ | ½ | 1 | 1½ | 2 | 3 | 4 | 5 |,,,
Tabel 1-3 primakuin,"Primakuin, tablet per hari",>40-60 kg,≥15 thn,1,11,Tabel 1 (P. falciparum); Tabel 2 (vivax/ovale); Tabel 3 (campuran),| 1 | Primakuin | - | - | ¼ | ¼ | ½ | ¾ | 1 | 1 | 1 |  ||  | 1-14 | Primakuin | - | - | ¼ | ¼ | ½ | ¾ | 1 | 1 | 1 |  ||  | 1-14 | Primakuin | - | - | ¼ | ¼ | ½ | ¾ | 1 | 1 | 1 |,,,"Tabel 1, 2 dan 3 membawa jumlah yang sama per kolom berat. Cocokkan ketiganya."
Tabel 1-3 DHP tablet,"DHP, tablet per hari, hari 1-3",>60-80 kg,≥15 thn,4,11,Tabel 1/2/3,| 1-3 | DHP | 1/3 | ½ | ½ | 1 | 1½ | 2 | 3 | 4 | 5 |,,,
Tabel 1-3 primakuin,"Primakuin, tablet per hari",>60-80 kg,≥15 thn,1,11,Tabel 1 (P. falciparum); Tabel 2 (vivax/ovale); Tabel 3 (campuran),| 1 | Primakuin | - | - | ¼ | ¼ | ½ | ¾ | 1 | 1 | 1 |  ||  | 1-14 | Primakuin | - | - | ¼ | ¼ | ½ | ¾ | 1 | 1 | 1 |  ||  | 1-14 | Primakuin | - | - | ¼ | ¼ | ½ | ¾ | 1 | 1 | 1 |,,,"Tabel 1, 2 dan 3 membawa jumlah yang sama per kolom berat. Cocokkan ketiganya."
Tabel 1-3 DHP tablet,"DHP, tablet per hari, hari 1-3",>80 kg,≥15 thn,5,11,Tabel 1/2/3,| 1-3 | DHP | 1/3 | ½ | ½ | 1 | 1½ | 2 | 3 | 4 | 5 |,,,
Tabel 1-3 primakuin,"Primakuin, tablet per hari",>80 kg,≥15 thn,1,11,Tabel 1 (P. falciparum); Tabel 2 (vivax/ovale); Tabel 3 (campuran),| 1 | Primakuin | - | - | ¼ | ¼ | ½ | ¾ | 1 | 1 | 1 |  ||  | 1-14 | Primakuin | - | - | ¼ | ¼ | ½ | ¾ | 1 | 1 | 1 |  ||  | 1-14 | Primakuin | - | - | ¼ | ¼ | ½ | ¾ | 1 | 1 | 1 |,,,"Tabel 1, 2 dan 3 membawa jumlah yang sama per kolom berat. Cocokkan ketiganya."
Tabel 4 DHP dispersibel,"DHP dispersibel, tablet per hari, hari 1-3",5 - <8 kg,,1,14,Tabel 4,| Hari ke-1 | 1 tab | 1 ½ tab | 2 tab | 3 tab | 4 tab |,,,
Tabel 4 DHP dispersibel,"DHP dispersibel, tablet per hari, hari 1-3",8 - <11 kg,,1½,14,Tabel 4,| Hari ke-1 | 1 tab | 1 ½ tab | 2 tab | 3 tab | 4 tab |,,,
Tabel 4 DHP dispersibel,"DHP dispersibel, tablet per hari, hari 1-3",11 - <17 kg,,2,14,Tabel 4,| Hari ke-1 | 1 tab | 1 ½ tab | 2 tab | 3 tab | 4 tab |,,,
Tabel 4 DHP dispersibel,"DHP dispersibel, tablet per hari, hari 1-3",17 - <25 kg,,3,14,Tabel 4,| Hari ke-1 | 1 tab | 1 ½ tab | 2 tab | 3 tab | 4 tab |,,,
Tabel 4 DHP dispersibel,"DHP dispersibel, tablet per hari, hari 1-3",25 - <36 kg,,4,14,Tabel 4,| Hari ke-1 | 1 tab | 1 ½ tab | 2 tab | 3 tab | 4 tab |,,,
Jenis plasmodium,P. falciparum: DHP 3 hari; primakuin 1 hari,,,DHP 3 hari / primakuin 1 hari,11,IV.A.1,"Primakuin untuk malaria falsiparum hanya diberikan pada hari pertama saja dengan dosis 0,25 mg/kgBB, dan untuk malaria vivaks selama 14 hari dengan dosis 0,25 mg/kgBB.",,,
Jenis plasmodium,P. vivax: DHP 3 hari; primakuin 14 hari,,,DHP 3 hari / primakuin 14 hari,11,IV.A.1,"Primakuin untuk malaria falsiparum hanya diberikan pada hari pertama saja dengan dosis 0,25 mg/kgBB, dan untuk malaria vivaks selama 14 hari dengan dosis 0,25 mg/kgBB.",,,
Jenis plasmodium,P. ovale: DHP 3 hari; primakuin 14 hari,,,DHP 3 hari / primakuin 14 hari,13,IV.A.3,Pengobatan malaria ovale saat ini menggunakan ACT yaitu DHP selama 3 hari ditambah dengan Primakuin selama 14 hari.,,,
Jenis plasmodium,Campuran P. falciparum + P. vivax/ovale: DHP 3 hari; primakuin 14 hari,,,DHP 3 hari / primakuin 14 hari,13,IV.A.5,"Pada penderita dengan infeksi campur diberikan DHP selama 3 hari serta primakuin dengan dosis 0,25 mg/kgBB/hari selama 14 hari.",,,
Jenis plasmodium,P. malariae: DHP 3 hari; primakuin tidak diberikan,,,DHP 3 hari / primakuin 0 hari,13,IV.A.4,"Pengobatan P. malariae diberikan DHP selama 3 hari, dengan dosis sama dengan pengobatan malaria lainnya dan tidak diberikan primakuin.",,,
Jenis plasmodium,P. knowlesi (PCR): DHP 3 hari; primakuin tidak diberikan,,,DHP 3 hari / primakuin 0 hari,14,IV.A.6,Pengobatan malaria knowlesi dengan DHP dan tidak diberikan primakuin.,,,
Pernyataan pedoman,testPositive,,,,1–2,Standar Pengobatan 2,Pengobatan dengan Artemisinin based Combination Therapy (ACT) hanya diberikan kepada penderita dengan hasil pemeriksaan darah malaria positif.,,,
Pernyataan pedoman,dhpDays,,,,1–2,Standar Pengobatan 4,Pengobatan DHP diberikan selama 3 hari sesuai dengan berat badan,,,
Pernyataan pedoman,dhpOnceDaily,,,,1–2,Standar Pengobatan 4,"Pengobatan DHP diberikan selama 3 hari sesuai dengan berat badan, yaitu H(hari) 0 (nol) pada dosis pertama, H1 pada dosis kedua dan H2 pada dosis ketiga.",,,
Pernyataan pedoman,primaquineInfant,,,,1–2,Standar Pengobatan 3,"Tidak diberikan Primakuin pada bayi <6 bulan, ibu hamil, ibu menyusui bayi usia <6 bulan dan penderita malaria dengan defisiensi enzim G6PD.",,,
Pernyataan pedoman,weightOverAge,,,,12,Catatan b,"Apabila ada ketidaksesuaian antara umur dan berat badan (pada tabel pengobatan), maka dosis yang dipakai adalah berdasarkan berat badan.",,,
Pernyataan pedoman,obesity,,,,12,Catatan c,Untuk anak dengan obesitas gunakan dosis berdasarkan berat badan ideal,,,
Pernyataan pedoman,dispersibleLimit,,,,14,IV.A.5 (DHP dispersibel),Penggunaan DHP dispersible terbatas pada pengobatan malaria tanpa komplikasi untuk anak dan bayi usia 6 bulan ke atas atau bayi dengan berat badan 5 kg atau lebih.,,,
Pernyataan pedoman,g6pdDose,,,,12,Catatan e,"Dosis primakuin pada penderita malaria dengan defisiensi G6PD 0,75mg/kgBB/minggu diberikan selama 8 minggu dengan pemantauan warna urin dan kadar hemoglobin.",,,
Pernyataan pedoman,emptyStomach,,,,18,IV.D,Semua obat anti malaria tidak boleh diberikan dalam keadaan perut kosong karena bersifat iritasi lambung.,,,
Pernyataan pedoman,severeTreatment,,,,1–2,Standar Pengobatan 5,Penderita malaria berat atau dengan komplikasi harus diobati dengan Artesunate intravena dan bila tidak memungkinkan diberikan secara intramuscular.,,,
Pernyataan pedoman,artesunateDose,,,,21–22,VI.B,"Dosis artesunat 3 mg/kgBB untuk anak BB <20kg. Anak dengan BB >20 kg menggunakan dosis 2,4 mg/kgBB.",,,"Pedoman tidak menetapkan berat tepat 20 kg. Aplikasi menjawab ""tidak yakin"" pada 20,0 kg."
Pernyataan pedoman,artesunatePreReferral,,,,22,VI.H,"Diberikan suntikan artesunate iv/im dosis awal yaitu 2,4mg/kgBB (3 mg/KgBB untuk anak BB < 20 kg), satu kali pemberian dan dirujuk.",,,
Angka dari penyusun aplikasi (bukan dari pedoman),Pembulatan dosis artesunat,,,selisih sampai 0.5 mg dianggap sama,,,"Pedoman tidak memberi aturan pembulatan. Selisih sampai 0,5 mg dianggap sama (UPDATE ME: ditetapkan oleh penyusun aplikasi, bukan oleh pedoman).",,,Tetapkan atau ubah angka ini bersama dokter.
Sumber,Tahun terbit,,,2023,,,Tahun terbit tidak tertulis di berkas. 2023 hanya perkiraan dari rujukan WHO 2022-2023 di dalam teks. Periksa sampul PDF.,,,Periksa sampul PDF dan isi tahun yang benar di scripts/build-malaria-pack.mjs
Sumber,Nomor halaman,,,,,,Teks diambil dari berkas markdown hasil konversi PDF; kesalahan konversi mungkin ada. Nomor halaman dihitung dari penanda halaman di berkas dan harus dicek pada PDF.,,,Penanda halaman di berkas .md ditafsirkan sebagai AKHIR halaman. Cek satu atau dua halaman di PDF.
